"id","timestamp","sense_hum","sense_temp","open_hum","open_temp","pressure","water_temp"
"3447","2024-03-05 07:13:23","38.1","22.1","69","5.57","1022",NULL
"3448","2024-03-05 07:18:29","38","22.1","67","5.56","1022",NULL
"3449","2024-03-05 07:23:35","38.1","22.1","67","5.56","1022","30"
"3450","2024-03-05 07:28:42","38","22","67","5.56","1022","30"
"3451","2024-03-05 07:33:48","38","22.1","66","5.58","1022","30"
"3452","2024-03-05 07:38:55","38.1","22.1","66","5.64","1022",NULL
"3453","2024-03-05 07:44:01","38","22.1","67","5.51","1022",NULL
"3454","2024-03-05 07:49:08","37.9","22.1","67","5.69","1022",NULL
"3455","2024-03-05 07:54:14","38","22","66","5.54","1022",NULL
"3456","2024-03-05 08:19:49","37.9","22.1","67","5.7","1022",NULL
"3457","2024-03-05 08:24:55","37.7","22.1","67","5.7","1022",NULL
"3458","2024-03-05 08:30:02","37.7","22.2","67","5.73","1022",NULL
"3459","2024-03-05 08:35:08","37.7","22.2","67","5.73","1022",NULL
"3460","2024-03-05 08:40:15","37.6","22.1","67","5.89","1022",NULL
"3461","2024-03-05 08:45:21","37.6","22.2","67","5.93","1022",NULL
"3462","2024-03-05 08:50:28","37.6","22.2","68","5.79","1022",NULL
"3463","2024-03-05 08:55:35","37.6","22.1","67","6","1022",NULL
"3464","2024-03-05 09:00:41","37.5","22.1","68","6.05","1022",NULL
"3465","2024-03-05 09:05:47","37.6","22.1","67","6.35","1023",NULL
"3466","2024-03-05 09:10:54","37.6","22.2","67","6.33","1010",NULL
"3467","2024-03-05 09:16:00","37.5","22.2","67","6.74","1010",NULL
"3468","2024-03-05 09:21:07","37.5","22.1","67","6.74","1010",NULL
"3469","2024-03-05 09:26:14","37.5","22.1","67","6.88","1010",NULL
"3470","2024-03-05 09:31:21","37.5","22.1","67","6.92","1010",NULL
"3471","2024-03-05 09:36:27","37.4","22.2","67","6.92","1010",NULL
"3472","2024-03-05 09:41:34","37.4","22.1","66","7.06","1010",NULL
"3473","2024-03-05 09:46:40","37.4","22.1","64","7.36","1011",NULL
"3474","2024-03-05 09:51:47","37.4","22.1","64","7.41","1011",NULL
"3475","2024-03-05 09:56:54","37.3","22.1","64","7.41","1011",NULL
"3476","2024-03-05 10:02:00","37.3","22.1","62","7.87","1011",NULL
"3477","2024-03-05 10:07:07","37.3","22.1","62","8.07","1023",NULL
"3478","2024-03-05 10:12:14","37.3","22.1","62","8.12","1023",NULL
"3479","2024-03-05 10:17:20","37.3","22.1","61","8.42","1023",NULL
"3480","2024-03-05 10:22:27","37.2","22.1","62","8.33","1024",NULL
"3481","2024-03-05 10:27:34","37.2","22.1","62","8.33","1024",NULL
"3482","2024-03-05 10:32:40","37.3","22.1","60","8.74","1023",NULL
"3483","2024-03-05 10:37:48","37.2","22.1","60","8.73","1023",NULL
"3484","2024-03-05 10:42:54","37.2","22.1","60","8.74","1023",NULL
"3485","2024-03-05 10:48:00","37.2","22.1","58","9.02","1023",NULL
"3486","2024-03-05 10:53:07","37.2","22.1","58","9.1","1023",NULL
"3487","2024-03-05 10:58:14","37.1","22","57","9.1","1023",NULL
"3488","2024-03-05 11:08:27","37.1","22.1","56","9.41","1011",NULL
"3489","2024-03-05 11:13:34","37.1","22.1","56","9.47","1012",NULL
"3490","2024-03-05 11:18:40","37.1","22.1","56","9.45","1011",NULL
"3491","2024-03-05 11:23:47","37.1","22","56","9.52","1012",NULL
"3492","2024-03-05 11:28:53","37","22","57","9.53","1011",NULL
"3493","2024-03-05 11:33:59","37","22.1","58","9.42","1011",NULL
"3494","2024-03-05 11:39:06","37","22","58","9.52","1012",NULL
"3495","2024-03-05 11:44:12","37","22","58","9.52","1012",NULL
"3496","2024-03-05 11:49:19","37","22","58","9.75","1010",NULL
"3497","2024-03-05 11:54:26","36.9","22","57","9.76","1012",NULL
"3498","2024-03-05 11:59:32","36.9","22","57","10.03","1012",NULL
"3499","2024-03-05 12:04:39","36.9","22","57","10.03","1012",NULL
"3500","2024-03-05 12:09:45","36.9","22","56","10.21","1024",NULL
"3501","2024-03-05 12:14:52","36.9","22","56","10.21","1024",NULL
"3502","2024-03-05 12:19:58","36.9","22","56","10.28","1024",NULL
"3503","2024-03-05 12:25:05","36.9","22","56","10.28","1024",NULL
"3504","2024-03-05 12:30:11","36.9","22","53","10.44","1024",NULL
"3505","2024-03-05 12:35:18","37","22","53","10.51","1024",NULL
"3506","2024-03-05 12:40:25","37","22","53","10.44","1024",NULL
"3507","2024-03-05 12:45:31","37","22","54","10.69","1024",NULL
"3508","2024-03-05 12:50:38","37.1","22","54","10.69","1024",NULL
"3509","2024-03-05 12:55:44","37.1","22","52","10.87","1024",NULL
"3510","2024-03-05 13:00:51","37.1","22","52","10.88","1024",NULL
"3511","2024-03-05 13:05:58","37.2","22","52","10.88","1024",NULL
"3512","2024-03-05 13:11:04","37.3","22","52","10.88","1024",NULL
"3513","2024-03-05 13:16:11","37.3","22","51","10.87","1024",NULL
"3514","2024-03-05 13:21:17","37.3","22","51","10.87","1024",NULL
"3515","2024-03-05 13:26:24","37.3","22","50","11.32","1024",NULL
"3516","2024-03-05 13:31:30","37.3","22","50","11.32","1024",NULL
"3517","2024-03-05 13:36:37","37.2","22","50","11.39","1024",NULL
"3518","2024-03-05 13:41:43","37.2","22","49","11.72","1024",NULL
"3519","2024-03-05 13:46:57","37.2","22","46","11.63","1024",NULL
"3520","2024-03-05 13:52:08","37.2","22","45","11.69","1024",NULL
"3521","2024-03-05 13:57:15","37.2","22","45","11.69","1024",NULL
"3522","2024-03-05 14:02:22","37.3","22","45","11.88","1024",NULL
"3523","2024-03-05 14:07:29","37.2","22","46","12","1023",NULL
"3524","2024-03-05 14:12:35","37.2","22","46","12","1024",NULL
"3525","2024-03-05 14:17:42","37.2","22","46","12","1023",NULL
"3526","2024-03-05 14:22:49","37.3","22","47","12.03","1023",NULL
"3527","2024-03-05 14:27:55","37.3","22","46","12.04","1023",NULL
"3528","2024-03-05 14:33:02","37.3","22","46","12.09","1023",NULL
"3529","2024-03-05 14:38:08","37.3","22","46","12.23","1023",NULL
"3530","2024-03-05 14:43:14","37.3","22","46","12.27","1023",NULL
"3531","2024-03-05 14:48:21","37.4","22","44","12.43","1023",NULL
"3532","2024-03-05 14:53:28","37.3","22","46","12.27","1023",NULL
"3533","2024-03-05 14:58:35","37.4","22","44","12.39","1023",NULL
"3534","2024-03-05 15:03:41","37.5","22","43","12.42","1022",NULL
"3535","2024-03-05 15:08:48","37.5","22","43","12.42","1022",NULL
"3536","2024-03-05 15:13:55","37.5","22","43","12.4","1022",NULL
"3537","2024-03-05 15:19:01","37.6","22","44","12.43","1022",NULL
"3538","2024-03-05 15:24:07","37.6","22","43","12.46","1010",NULL
"3539","2024-03-05 15:29:14","37.6","22","44","12.5","1022",NULL
"3540","2024-03-05 15:34:21","37.7","22","44","12.46","1011",NULL
"3541","2024-03-05 15:39:28","37.7","22","43","12.32","1010",NULL
"3542","2024-03-05 15:44:34","37.7","22","43","12.32","1010",NULL
"3543","2024-03-05 15:49:40","37.7","22","42","12.52","1010",NULL
"3544","2024-03-05 15:54:47","37.7","22","42","12.52","1010",NULL
"3545","2024-03-05 15:59:55","37.7","22","42","12.62","1010",NULL
"3546","2024-03-05 16:05:01","37.7","22","42","12.81","1010",NULL
"3547","2024-03-05 16:10:08","37.7","22","42","12.87","1010",NULL
"3548","2024-03-05 16:15:14","37.7","22","42","12.9","1010",NULL
"3549","2024-03-05 16:20:21","37.7","22","42","12.9","1010",NULL
"3550","2024-03-05 16:25:27","37.7","22","41","12.82","1010",NULL
"3551","2024-03-05 16:30:34","37.7","22","41","12.89","1010",NULL
"3552","2024-03-05 16:35:41","37.7","22","41","12.86","1010",NULL
"3553","2024-03-05 16:40:47","37.8","22","41","12.96","1010",NULL
"3554","2024-03-05 16:45:54","37.8","22","40","12.92","1010",NULL
"3555","2024-03-05 16:51:01","37.8","22","40","12.92","1010",NULL
"3556","2024-03-05 16:56:07","37.8","22","42","12.95","1022",NULL
"3557","2024-03-05 17:01:17","37.8","22","42","12.95","1022",NULL
"3558","2024-03-05 17:06:24","37.9","22","41","13.03","1022",NULL
"3559","2024-03-05 17:11:30","37.8","22","41","13.03","1022",NULL
"3560","2024-03-05 17:16:39","37.9","21.9","41","13.03","1022",NULL
"3561","2024-03-05 17:21:45","37.8","21.9","42","12.96","1022",NULL
"3562","2024-03-05 17:26:52","37.9","21.9","41","12.86","1022",NULL
"3563","2024-03-05 17:31:59","37.8","21.9","41","12.82","1022",NULL
"3564","2024-03-05 17:37:06","37.8","21.9","41","12.86","1022",NULL
"3565","2024-03-05 17:42:13","37.8","21.9","41","12.86","1022",NULL
"3566","2024-03-05 17:47:19","37.8","21.9","41","12.86","1022",NULL
"3567","2024-03-05 22:42:21","40","21.2","64","7.49","1010",NULL
"3601","2024-03-05 22:44:12","37.4","24.2","64","7.49","1010",NULL
"3602","2024-03-05 22:49:18","34.9","24.4","64","7.43","1010",NULL
"3603","2024-03-05 22:54:25","36.4","22","64","7.56","1010",NULL
"3604","2024-03-05 22:59:31","37.6","21.4","65","7.46","1010",NULL
"3605","2024-03-05 23:04:37","38.1","21.1","65","7.39","1010",NULL
"3606","2024-03-05 23:09:44","38.2","21.1","65","7.39","1010",NULL
"3607","2024-03-05 23:14:51","38.3","21","65","7.39","1010",NULL
"3608","2024-03-05 23:19:57","38.3","21","65","7.39","1010",NULL
"3609","2024-03-05 23:25:04","38.3","21","66","7.04","1010",NULL
"3610","2024-03-05 23:30:10","38.3","20.9","66","7.04","1010",NULL
"3611","2024-03-05 23:35:16","38.2","20.9","67","6.8","1008",NULL
"3612","2024-03-05 23:40:23","38.2","20.9","67","6.81","1010",NULL
"3613","2024-03-05 23:45:29","38.2","20.9","67","6.81","1010",NULL
"3614","2024-03-05 23:50:36","38.2","20.9","67","6.43","1010",NULL
"3615","2024-03-05 23:55:42","38.2","20.9","67","6.32","1010",NULL
"3616","2024-03-06 00:00:48","38.2","20.9","67","6.29","1010",NULL
"3617","2024-03-06 00:05:55","38.1","20.9","67","6.2","1010",NULL
"3618","2024-03-06 00:11:02","38.2","21","67","6.27","1010",NULL
"3619","2024-03-06 00:16:08","38.1","21","67","6.2","1010",NULL
"3620","2024-03-06 00:21:15","38.1","21","67","6.3","1010",NULL
"3621","2024-03-06 00:26:22","38.1","21","67","6.3","1010",NULL
"3622","2024-03-06 00:31:28","38","21","68","6.29","1010",NULL
"3623","2024-03-06 00:36:34","38","21","68","6.29","1010",NULL
"3624","2024-03-06 00:41:41","37.9","21","68","6.24","1010",NULL
"3625","2024-03-06 00:46:47","37.9","21.1","68","6.36","1010",NULL
"3626","2024-03-06 00:51:53","37.9","21","68","5.94","1010",NULL
"3627","2024-03-06 00:57:00","37.9","21","68","6.07","1010",NULL
"3628","2024-03-06 01:02:06","37.9","21.1","68","6.07","1010",NULL
"3629","2024-03-06 01:07:13","37.8","21.1","68","6.07","1010",NULL
"3630","2024-03-06 01:12:20","37.8","21.1","69","5.68","1010",NULL
"3631","2024-03-06 01:17:26","37.8","21.1","69","5.68","1010",NULL
"3632","2024-03-06 01:22:33","37.7","21.1","69","5.62","1010",NULL
"3633","2024-03-06 01:27:40","37.6","21.2","69","5.69","1011",NULL
"3634","2024-03-06 01:32:46","37.6","21.2","69","5.57","1010",NULL
"3635","2024-03-06 01:37:53","37.6","21.2","69","5.57","1010",NULL
"3636","2024-03-06 01:42:59","37.5","21.2","70","5.76","1023",NULL
"3637","2024-03-06 01:48:06","37.4","21.3","71","5.59","1023",NULL
"3638","2024-03-06 01:53:12","37.4","21.3","71","5.59","1023",NULL
"3639","2024-03-06 01:58:19","37.4","21.3","71","5.65","1023",NULL
"3640","2024-03-06 02:03:27","37.3","21.3","71","5.62","1023",NULL
"3641","2024-03-06 02:08:33","37.2","21.3","71","5.62","1023",NULL
"3642","2024-03-06 02:13:39","37.2","21.4","72","5.56","1023",NULL
"3643","2024-03-06 02:18:46","37.1","21.4","71","5.23","1023",NULL
"3644","2024-03-06 02:23:52","37","21.4","71","5.09","1023",NULL
"3645","2024-03-06 02:28:59","37.1","21.4","71","5.16","1023",NULL
"3646","2024-03-06 02:34:05","37","21.5","71","5.16","1023",NULL
"3647","2024-03-06 02:39:11","36.9","21.5","72","4.96","1023",NULL
"3648","2024-03-06 02:44:18","37","21.5","74","4.5","1008",NULL
"3649","2024-03-06 02:49:24","36.8","21.5","74","4.5","1008",NULL
"3650","2024-03-06 02:54:30","36.8","21.6","74","4.5","1008",NULL
"3651","2024-03-06 02:59:37","36.7","21.6","75","4.65","1023",NULL
"3652","2024-03-06 03:04:43","36.6","21.6","75","4.65","1023",NULL
"3653","2024-03-06 03:09:50","36.5","21.6","75","4.65","1023",NULL
"3654","2024-03-06 03:14:56","36.6","21.7","76","4.44","1023",NULL
"3655","2024-03-06 03:20:02","36.4","21.7","76","4.3","1008",NULL
"3656","2024-03-06 03:25:09","36.5","21.7","75","4.21","1008",NULL
"3657","2024-03-06 03:30:15","36.3","21.7","75","4.21","1008",NULL
"3658","2024-03-06 03:35:22","36.2","21.7","76","4.22","1008",NULL
"3659","2024-03-06 03:40:28","36.2","21.7","76","4.21","1008",NULL
"3660","2024-03-06 03:45:34","36.1","21.7","76","4.4","1008",NULL
"3661","2024-03-06 03:50:41","36.1","21.8","76","4.34","1007",NULL
"3662","2024-03-06 03:55:47","36.1","21.8","76","4.34","1007",NULL
"3663","2024-03-06 04:00:53","36.1","21.8","76","3.93","1007",NULL
"3664","2024-03-06 04:06:00","36","21.7","76","3.93","1007",NULL
"3665","2024-03-06 04:11:06","36","21.8","76","3.93","1007",NULL
"3666","2024-03-06 04:16:13","36","21.8","76","3.93","1007",NULL
"3667","2024-03-06 04:21:19","36","21.8","76","4.01","1008",NULL
"3668","2024-03-06 04:26:25","36","21.8","77","3.79","1007",NULL
"3669","2024-03-06 04:31:32","35.9","21.8","77","3.75","1007",NULL
"3670","2024-03-06 04:36:38","35.9","21.8","77","3.61","1007",NULL
"3671","2024-03-06 04:41:44","35.9","21.8","77","3.67","1007",NULL
"3672","2024-03-06 04:46:51","35.9","21.8","76","3.69","1007",NULL
"3673","2024-03-06 04:51:57","35.9","21.8","76","3.69","1007",NULL
"3674","2024-03-06 04:57:04","35.8","21.8","76","3.69","1007",NULL
"3675","2024-03-06 05:02:11","35.8","21.8","76","3.68","1007",NULL
"3676","2024-03-06 05:07:17","35.8","21.8","76","3.68","1007",NULL
"3677","2024-03-06 05:12:23","35.8","21.8","76","3.84","1022",NULL
"3678","2024-03-06 05:17:30","35.7","21.8","76","3.84","1022",NULL
"3679","2024-03-06 05:22:37","35.7","21.8","77","3.41","1021",NULL
"3680","2024-03-06 05:27:43","35.8","21.8","77","3.4","1021",NULL
"3681","2024-03-06 05:32:49","35.7","21.8","77","3.4","1021",NULL
"3682","2024-03-06 05:37:56","35.7","21.8","77","3.4","1021",NULL
"3683","2024-03-06 05:43:02","35.7","21.8","78","3.28","1021",NULL
"3684","2024-03-06 05:48:09","35.6","21.8","78","3.19","1021",NULL
"3685","2024-03-06 05:53:15","35.6","21.8","78","3.19","1021",NULL
"3686","2024-03-06 05:58:21","35.6","21.8","80","3.19","1022",NULL
"3687","2024-03-06 06:03:28","35.6","21.8","78","3.2","1021",NULL
"3688","2024-03-06 06:08:34","35.5","21.8","78","3.27","1021",NULL
"3689","2024-03-06 06:13:40","35.5","21.8","78","3.2","1021",NULL
"3690","2024-03-06 06:18:47","35.5","21.8","79","3.12","1021",NULL
"3691","2024-03-06 06:23:53","35.6","21.8","80","3.04","1021",NULL
"3692","2024-03-06 06:29:00","35.7","21.8","80","3.04","1021",NULL
"3693","2024-03-06 06:34:06","35.7","21.7","80","3.04","1021",NULL
"3694","2024-03-06 06:39:12","35.7","21.7","80","3.03","1021",NULL
"3695","2024-03-06 06:44:19","35.7","21.8","81","2.83","1021",NULL
"3696","2024-03-06 06:49:25","35.7","21.7","81","2.83","1021",NULL
"3697","2024-03-06 06:54:32","35.7","21.7","79","3.02","1022",NULL
"3698","2024-03-06 06:59:38","35.6","21.7","79","3.02","1022",NULL
"3699","2024-03-06 07:04:44","35.6","21.7","80","3","1022",NULL
"3700","2024-03-06 07:09:51","35.6","21.7","80","3","1022",NULL
"3701","2024-03-06 07:14:57","35.6","21.7","79","3.06","1022",NULL
"3702","2024-03-06 07:20:03","35.6","21.7","79","3.06","1022",NULL
"3703","2024-03-06 07:25:10","35.6","21.6","78","3.07","1022",NULL
"3704","2024-03-06 07:30:16","35.6","21.7","78","3.07","1022",NULL
"3705","2024-03-06 07:35:23","35.5","21.6","78","3.07","1022",NULL
"3706","2024-03-06 07:40:29","35.5","21.7","79","2.91","1022",NULL
"3707","2024-03-06 07:45:35","35.5","21.7","79","2.96","1022",NULL
"3708","2024-03-06 07:50:42","35.5","21.6","79","2.96","1022",NULL
"3709","2024-03-06 07:55:48","35.4","21.6","79","2.97","1022",NULL
"3710","2024-03-06 08:00:55","35.4","21.6","79","2.97","1022",NULL
"3711","2024-03-06 08:06:01","35.4","21.7","79","2.97","1022",NULL
"3712","2024-03-06 08:11:08","35.3","21.6","79","2.98","1022",NULL
"3713","2024-03-06 08:16:14","35.3","21.6","79","2.98","1022",NULL
"3714","2024-03-06 08:21:20","35.3","21.6","80","3.07","1022",NULL
"3715","2024-03-06 08:26:27","35.3","21.6","79","3.22","1022",NULL
"3716","2024-03-06 08:31:33","35.3","21.6","79","3.22","1022",NULL
"3717","2024-03-06 08:36:39","35.3","21.6","78","3.69","1022",NULL
"3718","2024-03-06 08:41:46","35.3","21.6","78","3.62","1022",NULL
"3719","2024-03-06 08:46:52","35.3","21.6","76","3.79","1023",NULL
"3720","2024-03-06 08:51:59","35.3","21.6","76","3.89","1022",NULL
"3721","2024-03-06 08:57:05","35.3","21.6","75","3.92","1022",NULL
"3722","2024-03-06 09:02:12","35.3","21.6","75","3.97","1022",NULL
"3723","2024-03-06 09:07:18","35.3","21.6","74","4.14","1023",NULL
"3724","2024-03-06 09:12:24","35.3","21.6","74","4.18","1023",NULL
"3725","2024-03-06 09:17:31","35.3","21.6","74","4.18","1023",NULL
"3726","2024-03-06 09:22:37","35.3","21.6","72","4.97","1023",NULL
"3727","2024-03-06 09:27:44","35.2","21.6","73","5.07","1023",NULL
"3728","2024-03-06 09:32:50","35.4","21.6","71","5.07","1023",NULL
"3729","2024-03-06 09:37:57","35.4","21.6","71","5.07","1023",NULL
"3730","2024-03-06 09:43:04","35.5","21.6","71","5.46","1023",NULL
"3731","2024-03-06 09:48:10","35.5","21.6","70","5.58","1023",NULL
"3732","2024-03-06 09:53:16","35.5","21.6","70","5.63","1023",NULL
"3733","2024-03-06 09:58:22","35.5","21.6","70","5.63","1023",NULL
"3734","2024-03-06 10:03:29","35.5","21.6","69","5.76","1023",NULL
"3735","2024-03-06 10:08:35","35.5","21.6","70","5.84","1022",NULL
"3736","2024-03-06 10:13:42","35.5","21.6","70","5.82","1022",NULL
"3737","2024-03-06 10:18:48","35.5","21.6","69","6.32","1022",NULL
"3738","2024-03-06 10:23:55","35.5","21.6","68","6.46","1022",NULL
"3739","2024-03-06 10:29:01","35.5","21.6","68","6.44","1022",NULL
"3740","2024-03-06 10:34:07","35.5","21.6","68","6.6","1022",NULL
"3741","2024-03-06 10:39:14","35.6","21.6","68","6.6","1022",NULL
"3742","2024-03-06 10:44:20","35.6","21.6","68","6.6","1022",NULL
"3743","2024-03-06 10:49:27","35.5","21.6","67","7.22","1022",NULL
"3744","2024-03-06 10:54:33","35.5","21.6","68","7.05","1022",NULL
"3745","2024-03-06 10:59:40","35.5","21.6","67","7.39","1022",NULL
"3746","2024-03-06 11:04:46","35.5","21.6","66","8.01","1022",NULL
"3747","2024-03-06 11:09:53","35.6","21.6","65","8.13","1022",NULL
"3748","2024-03-06 11:14:59","35.6","21.6","65","8.13","1022",NULL
"3749","2024-03-06 11:20:05","35.6","21.6","63","8.63","1022",NULL
"3750","2024-03-06 11:25:12","35.6","21.6","63","8.63","1022",NULL
"3751","2024-03-06 11:30:18","35.6","21.6","63","8.79","1022",NULL
"3752","2024-03-06 11:35:25","35.5","21.6","62","9.09","1022",NULL
"3753","2024-03-06 11:40:31","35.5","21.7","62","9.09","1022",NULL
"3754","2024-03-06 11:45:38","35.5","21.6","62","9.09","1022",NULL
"3755","2024-03-06 11:50:44","35.5","21.7","60","9.73","1022",NULL
"3756","2024-03-06 11:55:50","35.5","21.7","60","9.67","1022",NULL
"3757","2024-03-06 12:00:57","35.5","21.7","59","9.97","1022",NULL
"3758","2024-03-06 12:06:03","35.5","21.7","57","10.6","1022",NULL
"3759","2024-03-06 12:11:10","35.5","21.7","57","10.62","1022",NULL
"3760","2024-03-06 12:16:16","35.5","21.7","57","10.62","1022",NULL
"3761","2024-03-06 12:21:22","35.5","21.7","57","10.75","1022",NULL
"3762","2024-03-06 12:26:29","35.5","21.7","57","10.8","1022",NULL
"3763","2024-03-06 12:31:35","35.5","21.8","57","10.84","1022",NULL
"3764","2024-03-06 12:36:42","35.5","21.7","57","10.84","1022",NULL
"3765","2024-03-06 12:41:48","35.5","21.8","56","10.97","1022",NULL
"3766","2024-03-06 12:46:54","35.5","21.8","56","10.97","1022",NULL
"3767","2024-03-06 12:52:01","35.6","21.8","57","11.34","1022",NULL
"3768","2024-03-06 12:57:11","35.6","21.8","57","11.34","1022",NULL
"3769","2024-03-06 13:02:15","35.6","21.8","57","11.47","1022",NULL
"3770","2024-03-06 13:07:21","35.6","21.8","57","11.47","1022",NULL
"3771","2024-03-06 13:12:27","35.8","21.8","57","11.47","1022",NULL
"3772","2024-03-06 13:17:34","35.8","21.8","56","11.65","1021",NULL
"3773","2024-03-06 13:22:40","35.9","21.8","56","11.65","1021",NULL
"3774","2024-03-06 13:27:47","35.9","21.8","56","11.81","1021",NULL
"3775","2024-03-06 13:32:53","36","21.8","56","11.87","1021",NULL
"3776","2024-03-06 13:37:59","36","21.9","55","11.96","1021",NULL
"3777","2024-03-06 13:43:06","36","21.9","55","11.87","1021",NULL
"3778","2024-03-06 13:48:13","36.1","21.9","55","12.04","1021",NULL
"3779","2024-03-06 13:53:19","36.2","21.9","54","12.38","1021",NULL
"3780","2024-03-06 13:58:26","36.2","21.9","54","12.43","1021",NULL
"3781","2024-03-06 14:03:33","36.2","21.9","55","12.41","1021",NULL
"3782","2024-03-06 14:08:39","36.3","21.9","55","12.41","1021",NULL
"3783","2024-03-06 14:13:45","36.3","21.9","55","12.39","1020",NULL
"3784","2024-03-06 14:18:52","36.4","21.9","55","12.39","1020",NULL
"3785","2024-03-06 14:23:58","36.4","21.9","53","12.5","1020",NULL
"3786","2024-03-06 14:29:04","36.4","21.9","53","12.55","1020",NULL
"3787","2024-03-06 14:34:11","36.5","21.9","53","12.6","1020",NULL
"3788","2024-03-06 14:39:17","36.6","21.9","52","12.7","1020",NULL
"3789","2024-03-06 14:44:24","37.1","22","52","12.7","1020",NULL
"3790","2024-03-06 14:49:30","37.3","22","52","12.7","1020",NULL
"3791","2024-03-06 14:54:37","37.4","22","52","12.95","1020",NULL
"3792","2024-03-06 14:59:43","37.4","22","52","12.93","1020",NULL
"3793","2024-03-06 15:04:49","37.5","22","52","12.95","1020",NULL
"3794","2024-03-06 15:09:56","37.6","22","50","13.03","1019",NULL
"3795","2024-03-06 15:15:02","37.6","22","50","13.03","1019",NULL
"3796","2024-03-06 15:20:09","37.5","22.1","49","13.44","1019",NULL
"3797","2024-03-06 15:25:16","37.5","22","49","13.44","1019",NULL
"3798","2024-03-06 15:30:22","37.6","22","49","13.36","1019",NULL
"3799","2024-03-06 15:35:28","37.6","22","49","13.36","1019",NULL
"3800","2024-03-06 15:40:35","37.6","22","48","13.43","1019",NULL
"3801","2024-03-06 15:45:42","37.6","22.1","49","13.58","1019",NULL
"3802","2024-03-06 15:50:48","37.6","22.1","49","13.59","1019",NULL
"3803","2024-03-06 15:55:54","37.6","22","49","13.59","1019",NULL
"3804","2024-03-06 16:01:01","37.6","22.1","49","13.67","1019",NULL
"3805","2024-03-06 16:06:07","37.6","22.1","48","13.72","1018",NULL
"3806","2024-03-06 16:11:14","37.7","22.1","48","13.63","1018",NULL
"3807","2024-03-06 16:16:20","37.7","22.1","48","13.59","1018",NULL
"3808","2024-03-06 16:21:27","37.7","22.1","46","13.66","1018",NULL
"3809","2024-03-06 16:26:33","37.7","22.1","46","13.66","1018",NULL
"3810","2024-03-06 16:31:40","37.7","22.1","45","13.71","1018",NULL
"3811","2024-03-06 16:36:46","37.7","22.1","46","13.67","1018",NULL
"3812","2024-03-06 16:41:53","37.7","22.1","47","13.57","1018",NULL
"3813","2024-03-06 16:47:00","37.7","22.1","47","13.57","1018",NULL
"3814","2024-03-06 16:52:06","37.7","22.1","46","13.6","1018",NULL
"3815","2024-03-06 16:57:12","37.7","22.1","46","13.51","1018",NULL
"3816","2024-03-06 17:02:19","37.7","22.1","47","13.42","1017",NULL
"3817","2024-03-06 17:07:26","37.7","22.1","47","13.42","1017",NULL
"3818","2024-03-06 17:12:32","37.6","22.1","47","13.41","1017",NULL
"3819","2024-03-06 17:17:39","37.7","22.1","48","13.43","1017",NULL
"3820","2024-03-06 17:22:45","37.6","22.1","49","13.46","1017",NULL
"3821","2024-03-06 17:27:58","37.6","22.1","49","13.46","1017",NULL
"3822","2024-03-06 17:33:04","37.6","22.1","49","13.4","1017",NULL
"3823","2024-03-06 17:38:10","37.6","22.1","49","13.4","1017",NULL
"3824","2024-03-06 17:43:17","37.6","22.1","48","13.36","1017",NULL
"3825","2024-03-06 17:48:24","37.6","22","48","13.36","1017",NULL
"3826","2024-03-06 17:53:30","37.6","22","47","13.36","1017",NULL
"3827","2024-03-06 17:58:37","37.6","22","47","13.36","1017",NULL
"3828","2024-03-06 18:03:44","37.6","22","47","13.32","1017",NULL
"3829","2024-03-06 18:08:51","37.6","22","47","13.45","1017",NULL
"3830","2024-03-06 18:13:57","37.6","22","47","13.3","1017",NULL
"3831","2024-03-06 18:19:03","37.6","22","47","13.28","1017",NULL
"3832","2024-03-06 18:24:10","37.6","22","47","13.34","1017",NULL
"3833","2024-03-06 18:29:17","37.6","21.9","49","13.06","1017",NULL
"3834","2024-03-06 18:34:23","37.6","21.9","49","13.03","1017",NULL
"3835","2024-03-06 18:39:30","37.6","21.9","49","13.03","1017",NULL
"3836","2024-03-06 18:44:37","37.6","21.9","50","12.56","1017",NULL
"3837","2024-03-06 18:49:44","37.6","21.8","50","12.56","1017",NULL
"3838","2024-03-06 18:54:50","37.6","21.9","51","12.56","1017",NULL
"3839","2024-03-06 18:59:57","37.6","21.8","51","12.35","1017",NULL
"3840","2024-03-06 19:05:03","37.6","21.8","51","12.35","1017",NULL
"3841","2024-03-06 19:10:10","37.6","21.8","52","12.1","1017",NULL
"3842","2024-03-06 19:15:17","37.6","21.8","50","12","1017",NULL
"3843","2024-03-06 19:20:23","37.6","21.7","52","12.1","1017",NULL
"3844","2024-03-06 19:25:30","37.6","21.7","50","11.94","1017",NULL
"3845","2024-03-06 19:30:37","37.6","21.7","50","11.94","1017",NULL
"3846","2024-03-06 19:35:44","37.6","21.7","50","11.85","1017",NULL
"3847","2024-03-06 19:40:50","37.6","21.7","50","11.95","1017",NULL
"3848","2024-03-06 19:45:56","37.6","21.7","50","11.95","1017",NULL
"3849","2024-03-06 19:51:06","37.6","21.7","51","11.63","1017",NULL
"3850","2024-03-06 19:56:13","37.6","21.6","51","11.69","1017",NULL
"3851","2024-03-06 20:01:19","37.7","21.7","51","11.72","1017",NULL
"3852","2024-03-06 20:06:25","37.9","21.7","51","11.72","1017",NULL
"3853","2024-03-06 20:11:32","37.9","21.6","51","11.54","1017",NULL
"3854","2024-03-06 20:16:39","37.9","21.6","52","11.4","1017",NULL
"3855","2024-03-06 20:21:45","37.9","21.6","54","11.1","1017",NULL
"3856","2024-03-06 20:26:52","37.9","21.6","54","11.04","1017",NULL
"3857","2024-03-06 20:31:58","37.9","21.6","54","10.95","1017",NULL
"3858","2024-03-06 20:37:05","37.9","21.6","54","10.95","1017",NULL
"3859","2024-03-06 20:42:11","37.9","21.5","54","10.95","1017",NULL
"3860","2024-03-06 20:47:18","37.9","21.5","56","10.69","1017",NULL
"3861","2024-03-06 20:52:24","37.9","21.5","56","10.69","1017",NULL
"3862","2024-03-06 20:57:31","37.9","21.5","56","10.69","1017",NULL
"3863","2024-03-06 21:02:39","37.9","21.5","57","10.36","1016",NULL
"3864","2024-03-06 21:07:45","37.9","21.5","57","10.34","1016",NULL
"3865","2024-03-06 21:12:52","38","21.4","57","10.29","1016",NULL
"3866","2024-03-06 21:17:58","38","21.4","57","10.34","1016",NULL
"3867","2024-03-06 21:23:05","38","21.4","59","10.22","1016",NULL
"3868","2024-03-06 21:28:11","38","21.4","59","10.17","1016",NULL
"3869","2024-03-06 21:33:18","38","21.4","59","10.17","1016",NULL
"3870","2024-03-06 21:38:24","38","21.4","59","10.17","1016",NULL
"3871","2024-03-06 21:43:30","38","21.4","59","10.1","1016",NULL
"3872","2024-03-06 21:48:37","38","21.4","59","10.22","1016",NULL
"3873","2024-03-06 21:53:43","38","21.3","59","10.01","1016",NULL
"3874","2024-03-06 21:58:50","38","21.3","59","10.01","1016",NULL
"3875","2024-03-06 22:03:56","38","21.3","59","9.82","1016",NULL
"3876","2024-03-06 22:09:02","38","21.3","60","9.84","1016",NULL
"3877","2024-03-06 22:14:09","38.1","21.3","60","9.79","1016",NULL
"3878","2024-03-06 22:19:15","38.1","21.3","60","9.79","1016",NULL
"3879","2024-03-06 22:24:22","38.1","21.3","60","9.86","1016",NULL
"3880","2024-03-06 22:29:28","38.1","21.2","60","9.86","1016",NULL
"3881","2024-03-06 22:34:34","38.1","21.2","60","9.84","1016",NULL
"3882","2024-03-06 22:39:41","38.2","21.2","60","9.78","1016",NULL
"3883","2024-03-06 22:44:47","38.2","21.2","60","9.84","1016",NULL
"3884","2024-03-06 22:49:53","38.1","21.1","60","9.72","1016",NULL
"3885","2024-03-06 22:55:00","38.1","21.2","59","9.73","1016",NULL
"3886","2024-03-06 23:00:06","38","21.2","59","9.73","1016",NULL
"3887","2024-03-06 23:05:13","38.1","21.2","60","9.54","1016",NULL
"3888","2024-03-06 23:10:19","38.1","21.1","60","9.54","1016",NULL
"3889","2024-03-06 23:15:26","38.1","21.1","60","9.54","1016",NULL
"3890","2024-03-06 23:20:32","38.1","21.1","60","9.54","1016",NULL
"3891","2024-03-06 23:25:39","38.1","21.1","60","9.59","1016",NULL
"3892","2024-03-06 23:30:45","38.1","21.1","61","9.4","1016",NULL
"3893","2024-03-06 23:35:52","38.1","21.1","62","9.26","1016",NULL
"3894","2024-03-06 23:40:58","38.1","21","62","9.26","1016",NULL
"3895","2024-03-06 23:46:05","38","21.1","62","9.01","1016",NULL
"3896","2024-03-06 23:51:11","38.1","21","62","8.98","1016",NULL
"3897","2024-03-06 23:56:18","38","21.1","62","8.93","1016",NULL
"3898","2024-03-07 00:01:25","38.1","21","62","8.93","1016",NULL
"3899","2024-03-07 00:06:31","38","21","62","8.93","1016",NULL
"3900","2024-03-07 00:11:38","38","21","63","8.7","1015",NULL
"3901","2024-03-07 00:16:45","38","21","63","8.7","1015",NULL
"3902","2024-03-07 00:21:51","38","20.9","63","8.7","1015",NULL
"3903","2024-03-07 00:26:57","38.1","21","65","8.51","1015",NULL
"3904","2024-03-07 00:32:04","38.1","21","65","8.51","1015",NULL
"3905","2024-03-07 00:37:11","38.1","20.9","65","8.52","1015",NULL
"3906","2024-03-07 00:42:18","38.1","20.9","65","8.35","1015",NULL
"3907","2024-03-07 00:47:25","38.1","20.9","65","8.37","1015",NULL
"3908","2024-03-07 00:52:31","38","20.9","65","8.34","1015",NULL
"3909","2024-03-07 00:57:37","38.1","20.9","65","8.34","1015",NULL
"3910","2024-03-07 01:02:44","38.1","20.9","65","8.34","1015",NULL
"3911","2024-03-07 01:07:50","38.1","20.9","65","8.37","1015",NULL
"3912","2024-03-07 01:12:57","38.1","20.9","65","8.31","1015",NULL
"3913","2024-03-07 01:18:03","38.1","20.9","65","8.19","1015",NULL
"3914","2024-03-07 01:23:09","38","20.8","65","8.08","1015",NULL
"3915","2024-03-07 01:28:16","38","20.8","65","8.1","1015",NULL
"3916","2024-03-07 01:33:22","38","20.9","65","8.11","1014",NULL
"3917","2024-03-07 01:38:29","38","20.9","65","8.11","1014",NULL
"3918","2024-03-07 01:43:36","37.9","20.9","65","8.11","1014",NULL
"3919","2024-03-07 01:48:42","37.9","20.9","65","8.36","1014",NULL
"3920","2024-03-07 01:53:49","37.9","20.9","65","8.22","1014",NULL
"3921","2024-03-07 01:58:55","37.9","20.9","65","8.32","1014",NULL
"3922","2024-03-07 02:04:01","37.9","20.9","65","8.22","1014",NULL
"3923","2024-03-07 02:09:08","37.9","20.9","65","7.85","1014",NULL
"3924","2024-03-07 02:14:15","37.9","20.8","65","7.85","1014",NULL
"3925","2024-03-07 02:19:21","37.9","20.9","67","7.85","1014",NULL
"3926","2024-03-07 02:24:27","37.9","20.8","64","7.77","1014",NULL
"3927","2024-03-07 02:29:34","38","20.8","64","7.83","1014",NULL
"3928","2024-03-07 02:34:40","38","20.8","64","7.8","1014",NULL
"3929","2024-03-07 02:39:47","37.9","20.8","64","7.85","1014",NULL
"3930","2024-03-07 02:44:53","37.9","20.8","64","7.95","1014",NULL
"3931","2024-03-07 02:49:59","38","20.8","65","7.88","1014",NULL
"3932","2024-03-07 02:55:06","38","20.9","64","7.7","1014",NULL
"3933","2024-03-07 03:00:13","38","20.9","64","7.7","1014",NULL
"3934","2024-03-07 03:05:19","37.9","20.9","64","7.76","1014",NULL
"3935","2024-03-07 03:10:26","37.9","20.9","66","7.24","1013",NULL
"3936","2024-03-07 03:15:32","37.9","20.9","66","7.31","1013",NULL
"3937","2024-03-07 03:20:38","37.9","20.9","68","6.87","1013",NULL
"3938","2024-03-07 03:25:45","37.9","20.9","68","6.87","1013",NULL
"3939","2024-03-07 03:30:51","37.9","20.9","68","6.74","1013",NULL
"3940","2024-03-07 03:35:58","37.9","20.9","68","6.74","1013",NULL
"3941","2024-03-07 03:41:04","37.9","20.9","69","6.61","1013",NULL
"3942","2024-03-07 03:46:10","37.9","20.9","70","6.36","1013",NULL
"3943","2024-03-07 03:51:17","37.9","21","71","6.29","1013",NULL
"3944","2024-03-07 03:56:24","37.9","21","71","6.49","1013",NULL
"3945","2024-03-07 04:01:30","37.8","21","71","6.29","1013",NULL
"3946","2024-03-07 04:06:36","37.8","21","67","7.06","1013",NULL
"3947","2024-03-07 04:11:43","37.8","21","67","7.02","1013",NULL
"3948","2024-03-07 04:16:49","37.8","21","67","6.99","1013",NULL
"3949","2024-03-07 04:21:55","37.8","21","67","7.02","1012",NULL
"3950","2024-03-07 04:27:02","37.7","21.1","67","7.02","1012",NULL
"3951","2024-03-07 04:32:08","37.7","21.1","67","7.02","1012",NULL
"3952","2024-03-07 04:37:15","37.6","21.1","67","6.9","1012",NULL
"3953","2024-03-07 04:42:21","37.6","21.1","67","6.9","1012",NULL
"3954","2024-03-07 04:47:27","37.6","21.1","67","6.73","1012",NULL
"3955","2024-03-07 04:52:34","37.5","21.2","67","6.71","1012",NULL
"3956","2024-03-07 04:57:40","37.5","21.2","67","6.73","1012",NULL
"3957","2024-03-07 05:02:46","37.4","21.2","67","6.8","1012",NULL
"3958","2024-03-07 05:07:53","37.4","21.2","67","6.81","1012",NULL
"3959","2024-03-07 05:13:00","37.3","21.3","67","6.81","1012",NULL
"3960","2024-03-07 05:18:06","37.4","21.3","67","6.81","1012",NULL
"3961","2024-03-07 05:23:13","37.3","21.3","67","6.88","1012",NULL
"3962","2024-03-07 05:28:19","37.2","21.3","68","6.35","1012",NULL
"3963","2024-03-07 05:33:26","37.3","21.3","68","6.35","1012",NULL
"3964","2024-03-07 05:38:33","37.1","21.3","69","6.25","1012",NULL
"3965","2024-03-07 05:43:39","37.1","21.4","69","6.15","1012",NULL
"3966","2024-03-07 05:48:46","37","21.4","69","6.15","1012",NULL
"3967","2024-03-07 05:53:52","37","21.4","70","6","1012",NULL
"3968","2024-03-07 05:58:59","37","21.4","70","5.99","1012",NULL
"3969","2024-03-07 06:04:06","37.1","21.4","70","5.99","1012",NULL
"3970","2024-03-07 06:09:12","37","21.5","72","5.68","1012",NULL
"3971","2024-03-07 06:14:18","36.9","21.5","72","5.68","1012",NULL
"3972","2024-03-07 06:19:25","36.9","21.5","74","5.45","1012",NULL
"3973","2024-03-07 06:24:32","36.9","21.5","74","5.45","1012",NULL
"3974","2024-03-07 06:29:39","36.8","21.5","74","5.42","1011",NULL
"3975","2024-03-07 06:34:45","36.8","21.6","74","5.42","1011",NULL
"3976","2024-03-07 06:39:52","36.7","21.6","74","5.43","1011",NULL
"3977","2024-03-07 06:44:59","36.7","21.6","74","5.43","1011",NULL
"3978","2024-03-07 06:50:05","36.7","21.6","73","5.67","1011",NULL
"3979","2024-03-07 06:55:12","36.7","21.7","73","5.65","1011",NULL
"3980","2024-03-07 07:00:18","36.7","21.7","73","5.65","1011",NULL
"3981","2024-03-07 07:05:25","36.7","21.7","73","5.65","1011",NULL
"3982","2024-03-07 07:10:31","37","21.7","73","5.74","1011",NULL
"3983","2024-03-07 07:15:38","37.2","21.7","73","5.74","1011",NULL
"3984","2024-03-07 07:20:46","37.3","21.7","74","5.79","1011",NULL
"3985","2024-03-07 07:25:53","37.3","21.8","75","5.77","1011",NULL
"3986","2024-03-07 07:31:05","37.4","21.8","75","5.77","1011",NULL
"3987","2024-03-07 07:36:13","37.3","21.8","75","5.76","1011",NULL
"3988","2024-03-07 07:41:20","37.3","21.8","75","5.76","1011",NULL
"3989","2024-03-07 07:46:32","37.3","21.8","76","5.75","1011",NULL
"3990","2024-03-07 07:51:39","37.2","21.8","76","5.68","1011",NULL
"3991","2024-03-07 08:02:20","37.1","21.8","76","5.86","1011",NULL
"3992","2024-03-07 08:07:39","37.1","21.8","75","6.34","1011",NULL
"3993","2024-03-07 08:12:45","37.1","21.8","75","6.19","1011",NULL
"3994","2024-03-07 08:17:56","37","21.9","75","6.28","1011",NULL
"3995","2024-03-07 08:23:02","37.1","21.9","75","6.34","1011",NULL
"3996","2024-03-07 08:28:09","37","21.9","75","6.39","1011",NULL
"3997","2024-03-07 08:33:16","37","21.9","74","6.67","1011",NULL
"3998","2024-03-07 08:38:22","36.9","21.9","74","6.74","1011",NULL
"3999","2024-03-07 08:43:29","36.9","21.9","76","6.82","1011",NULL
"4000","2024-03-07 08:48:36","36.9","22","75","6.89","1011",NULL
"4001","2024-03-07 08:53:42","36.9","21.9","76","6.85","1011",NULL
"4002","2024-03-07 08:58:49","36.9","21.9","76","6.85","1011",NULL
"4003","2024-03-07 09:03:56","36.8","21.9","76","7.17","1010",NULL
"4004","2024-03-07 09:09:02","36.8","22","76","7.17","1010",NULL
"4005","2024-03-07 09:14:08","36.8","22","75","7.19","1010",NULL
"4006","2024-03-07 09:19:15","36.8","22","74","7.4","1010",NULL
"4007","2024-03-07 09:24:22","36.8","22","74","7.48","1010",NULL
"4008","2024-03-07 09:29:29","36.7","22","74","7.46","1010",NULL
"4009","2024-03-07 09:34:35","36.7","22","74","7.58","1010",NULL
"4010","2024-03-07 09:39:44","36.7","22","74","7.58","1010",NULL
"4011","2024-03-07 09:44:51","36.7","22","74","7.58","1010",NULL
"4012","2024-03-07 09:49:58","36.7","22","74","7.8","1010",NULL
"4013","2024-03-07 09:55:04","36.6","22","74","7.85","1010",NULL
"4014","2024-03-07 10:00:10","36.7","22","74","7.95","1010",NULL
"4015","2024-03-07 10:05:17","36.6","22","74","7.95","1010",NULL
"4016","2024-03-07 10:10:24","36.6","22","73","8.21","1010",NULL
"4017","2024-03-07 10:15:30","36.7","22","73","8.17","1010",NULL
"4018","2024-03-07 10:20:37","36.6","22.1","73","8.17","1010",NULL
"4019","2024-03-07 10:25:44","36.6","22.1","70","8.89","1010",NULL
"4020","2024-03-07 10:30:51","36.6","22","70","8.91","1010",NULL
"4021","2024-03-07 10:35:57","36.6","22.1","69","9.24","1010",NULL
"4022","2024-03-07 10:41:05","36.6","22.1","69","9.26","1010",NULL
"4023","2024-03-07 10:51:46","36.7","22.1","69","9.47","1010",NULL
"4024","2024-03-07 10:56:53","36.6","22.1","69","9.47","1010",NULL
"4025","2024-03-07 11:02:00","36.6","22","68","9.47","1010",NULL
"4026","2024-03-07 11:07:06","36.6","22.1","66","10.01","1009",NULL
"4027","2024-03-07 11:12:14","36.6","22.1","66","10.05","1009",NULL
"4028","2024-03-07 11:17:20","36.6","22.1","66","10.05","1009",NULL
"4029","2024-03-07 11:22:36","36.7","22.1","65","10.06","1009",NULL
"4030","2024-03-07 11:27:44","36.6","22.1","65","10.11","1009",NULL
"4031","2024-03-07 11:32:51","36.7","22.1","65","10.11","1009",NULL
"4032","2024-03-07 11:37:58","36.6","22.1","65","10.05","1009",NULL
"4033","2024-03-07 11:43:05","36.6","22.1","66","10.11","1009",NULL
"4034","2024-03-07 11:48:11","36.6","22.1","66","10.11","1009",NULL
"4035","2024-03-07 11:53:18","36.6","22.2","65","10.21","1010",NULL
"4036","2024-03-07 11:58:24","36.7","22.2","66","10.31","1009",NULL
"4037","2024-03-07 12:03:31","36.6","22.2","65","10.42","1009",NULL
"4038","2024-03-07 12:08:37","36.6","22.2","65","10.42","1009",NULL
"4039","2024-03-07 12:13:44","36.7","22.2","65","10.42","1009",NULL
"4040","2024-03-07 12:18:50","36.6","22.2","65","10.7","1008",NULL
"4041","2024-03-07 12:23:57","36.7","22.2","65","10.55","1009",NULL
"4042","2024-03-07 12:29:04","36.6","22.2","65","10.76","1008",NULL
"4043","2024-03-07 12:34:11","36.7","22.2","65","10.76","1008",NULL
"4044","2024-03-07 12:39:17","36.6","22.2","65","10.8","1008",NULL
"4045","2024-03-07 12:44:24","36.7","22.2","65","10.87","1008",NULL
"4046","2024-03-07 12:49:30","36.7","22.2","64","11.14","1008",NULL
"4047","2024-03-07 12:54:37","36.6","22.2","64","11.14","1008",NULL
"4048","2024-03-07 12:59:44","36.6","22.2","64","11.2","1008",NULL
"4049","2024-03-07 13:04:50","36.6","22.2","64","11.2","1008",NULL
"4050","2024-03-07 13:09:56","36.7","22.2","64","11.28","1008",NULL
"4051","2024-03-07 13:15:03","36.7","22.2","64","11.28","1008",NULL
"4052","2024-03-07 13:20:10","36.7","22.2","63","11.26","1007",NULL
"4053","2024-03-07 13:25:16","36.7","22.2","63","11.28","1007",NULL
"4054","2024-03-07 13:30:23","36.7","22.2","63","11.33","1007",NULL
"4055","2024-03-07 13:35:30","36.6","22.2","62","11.44","1007",NULL
"4056","2024-03-07 13:40:36","36.7","22.2","62","11.42","1007",NULL
"4057","2024-03-07 13:51:17","36.7","22.2","61","11.7","1007",NULL
"4058","2024-03-07 13:56:24","36.7","22.2","61","11.74","1007",NULL
"4059","2024-03-07 14:01:30","36.7","22.1","61","11.74","1007",NULL
"4060","2024-03-07 14:06:36","36.7","22.2","60","11.97","1006",NULL
"4061","2024-03-07 14:11:43","36.7","22.1","60","11.97","1006",NULL
"4062","2024-03-07 14:16:50","36.8","22.1","60","11.95","1006",NULL
"4063","2024-03-07 14:21:56","36.7","22.1","60","11.95","1006",NULL
"4064","2024-03-07 14:27:03","36.8","22.1","60","12.06","1006",NULL
"4065","2024-03-07 14:32:10","36.8","22.1","60","12.06","1006",NULL
"4066","2024-03-07 14:37:16","36.8","22.1","60","12.06","1006",NULL
"4067","2024-03-07 14:42:37","36.8","22.1","59","12.07","1006",NULL
"4068","2024-03-07 14:47:44","36.8","22.1","59","12.07","1006",NULL
"4069","2024-03-07 14:52:51","36.8","22.1","59","12.09","1006",NULL
"4070","2024-03-07 14:57:58","36.9","22.1","60","12.21","1006",NULL
"4071","2024-03-07 15:03:04","36.9","22","59","12.09","1006",NULL
"4072","2024-03-07 15:08:11","36.9","22","62","11.76","1006",NULL
"4073","2024-03-07 15:13:18","36.9","22","62","11.76","1006",NULL
"4074","2024-03-07 15:18:24","37","22","63","11.51","1006",NULL
"4075","2024-03-07 15:23:31","37","22","65","11.28","1006",NULL
"4076","2024-03-07 15:28:37","37","22","65","11.09","1006",NULL
"4077","2024-03-07 15:33:44","37","22","72","10.52","1006",NULL
"4078","2024-03-07 15:38:51","37.1","22","72","10.51","1006",NULL
"4079","2024-03-07 15:43:58","37.1","22","76","10","1006",NULL
"4080","2024-03-07 15:49:04","37.1","22","76","10","1006",NULL
"4081","2024-03-07 15:54:11","37.1","21.9","76","10.06","1006",NULL
"4082","2024-03-07 15:59:17","37.1","21.9","81","9.42","1006",NULL
"4083","2024-03-07 16:04:27","37.2","21.9","82","9.34","1006",NULL
"4084","2024-03-07 16:09:34","37.2","21.9","82","9.34","1006",NULL
"4085","2024-03-07 16:14:41","37.2","21.9","82","9.34","1006",NULL
"4086","2024-03-07 16:19:48","37.3","21.9","83","9.07","1006",NULL
"4087","2024-03-07 16:24:54","37.3","21.9","83","9.01","1005",NULL
"4088","2024-03-07 16:30:01","37.3","21.8","83","9.07","1005",NULL
"4089","2024-03-07 16:35:08","37.3","21.8","83","9.07","1005",NULL
"4090","2024-03-07 16:40:14","37.3","21.8","83","9","1005",NULL
"4091","2024-03-07 16:45:21","37.4","21.8","82","9","1006",NULL
"4092","2024-03-07 16:50:28","37.4","21.8","82","9","1006",NULL
"4093","2024-03-07 16:55:37","37.4","21.8","85","8.84","1005",NULL
"4094","2024-03-07 17:00:41","37.4","21.8","85","8.83","1005",NULL
"4095","2024-03-07 17:05:47","37.4","21.7","86","8.75","1005",NULL
"4096","2024-03-07 17:10:54","37.5","21.7","86","8.75","1005",NULL
"4097","2024-03-07 17:16:00","37.5","21.7","86","8.82","1005",NULL
"4098","2024-03-07 17:21:12","37.6","21.7","86","8.81","1005",NULL
"4099","2024-03-07 17:26:18","37.6","21.7","85","8.93","1005",NULL
"4100","2024-03-07 17:31:25","37.6","21.7","85","8.98","1005",NULL
"4101","2024-03-07 17:36:31","37.6","21.7","84","8.9","1005",NULL
"4102","2024-03-07 17:41:38","37.7","21.7","84","8.96","1005",NULL
"4103","2024-03-07 17:52:20","37.7","21.6","84","8.85","1004",NULL
"4104","2024-03-07 17:57:26","37.8","21.6","84","8.85","1004",NULL
"4105","2024-03-07 18:02:39","37.8","21.6","84","8.91","1004",NULL
"4106","2024-03-07 18:07:46","37.8","21.6","84","8.84","1004",NULL
"4107","2024-03-07 18:12:53","37.8","21.6","84","8.84","1004",NULL
"4108","2024-03-07 18:17:59","37.9","21.5","84","8.84","1004",NULL
"4109","2024-03-07 18:23:06","38","21.6","84","8.87","1004",NULL
"4110","2024-03-07 18:28:12","37.9","21.5","85","8.2","1005",NULL
"4111","2024-03-07 18:33:19","37.9","21.5","85","8.2","1005",NULL
"4112","2024-03-07 18:38:26","38","21.5","87","7.18","1005",NULL
"4113","2024-03-07 18:43:32","38","21.5","88","6.31","1005",NULL
"4114","2024-03-07 18:48:40","38","21.5","88","6.38","1005",NULL
"4115","2024-03-07 18:53:47","38.1","21.5","89","6.22","1005",NULL
"4116","2024-03-07 18:58:53","38.1","21.5","89","6.29","1005",NULL
"4117","2024-03-07 19:04:00","38.1","21.4","89","6.29","1005",NULL
"4118","2024-03-07 19:09:06","38.2","21.4","89","6.22","1005",NULL
"4119","2024-03-07 19:14:13","38.2","21.4","90","5.63","1004",NULL
"4120","2024-03-07 19:19:20","38.2","21.4","90","5.69","1005",NULL
